-- categoriesテーブル
INSERT IGNORE INTO categories (category_id, name) VALUES 
(1, '寿司'), 
(2, 'ラーメン'), 
(3, 'カフェ'), 
(4, '焼肉'), 
(5, '天ぷら'), 
(6, 'パスタ'), 
(7, 'グリル'), 
(8, 'そば'), 
(9, 'カレー'), 
(10, '弁当'), 
(11, 'たこ焼き');

-- shopsテーブル
INSERT IGNORE INTO shops (shop_id, category_id, name, image_name, description, open_time, price, postal_code, address, holiday) VALUES 
(1, 1, '寿司 名古屋', 'default_image.png', '伝統的な寿司を現代風にアレンジしたお店です。', '10:00', 5000, '460-0008', '名古屋市中区栄3-5-12', '月曜日'),
(2, 2, 'ラーメンステーション', 'default_image.png', '様々なスープとトッピングが楽しめる人気ラーメン店。', '11:00', 1200, '460-0003', '名古屋市中区大須2-9-20', '火曜日'),
(3, 3, 'カフェブリス', 'default_image.png', 'コーヒーとペストリーを提供する居心地の良いカフェ。', '08:00', 800, '460-0011', '名古屋市中区新栄1-2-10', '水曜日'),
(4, 4, '焼肉ヘブン', 'default_image.png', 'プレミアム牛肉が楽しめる食べ放題焼肉店。', '17:00', 3500, '460-0004', '名古屋市中区錦3-15-13', '木曜日'),
(5, 5, '天ぷらハウス', 'default_image.png', '軽くてカリッとした天ぷら料理が自慢です。', '12:00', 4000, '460-0001', '名古屋市中区丸の内1-4-5', '金曜日'),
(6, 6, 'パスタ ラ ビスタ', 'default_image.png', '本格的なイタリアンパスタが楽しめます。', '12:00', 2500, '460-0025', '名古屋市中区金山2-1-9', '土曜日'),
(7, 7, '名古屋グリル', 'default_image.png', 'ステーキに特化した洋風グリルレストラン。', '18:00', 6000, '450-0002', '名古屋市中村区名駅4-7-1', '日曜日'),
(8, 8, 'そば デライト', 'default_image.png', '毎日手作りのそばを提供しています。', '10:30', 1500, '464-0850', '名古屋市千種区千種通5-7-14', '月曜日'),
(9, 9, 'カレー共和国', 'default_image.png', 'スパイシーで風味豊かなカレー料理が自慢です。', '11:30', 1800, '464-0807', '名古屋市千種区若水2-8-22', '火曜日'),
(10, 10, '弁当ボックス', 'default_image.png', '手頃な価格で美味しい弁当を提供しています。', '09:00', 1000, '465-0097', '名古屋市名東区猪高台1-8-5', '水曜日'),
(11, 11, 'たこ焼きキング', 'default_image.png', '多彩なトッピングが楽しめる有名なたこ焼き店。', '10:00', 500, '465-0026', '名古屋市名東区社が丘2-10-6', '木曜日'),
(12, 1, '寿司 みなと', 'default_image.png', '旬の魚介を使用した新鮮な寿司が楽しめます。', '12:00', 5200, '460-0008', '名古屋市中区栄1-2-3', '水曜日'),
(13, 2, 'ラーメン 風', 'default_image.png', '独自のスープが人気のラーメン店。', '11:00', 1300, '460-0013', '名古屋市中区上前津2-4-15', '木曜日'),
(14, 3, 'カフェ ローザ', 'default_image.png', '花に囲まれた素敵なカフェ。', '09:00', 1000, '460-0014', '名古屋市中区栄4-7-6', '火曜日'),
(15, 4, '焼肉 炎', 'default_image.png', '最高級の肉を提供する焼肉店。', '18:00', 7000, '460-0002', '名古屋市中区錦2-10-1', '月曜日'),
(16, 5, '天ぷら 一番', 'default_image.png', 'サクサクとした天ぷらが特徴の店。', '12:00', 4500, '460-0005', '名古屋市中区丸の内2-7-4', '水曜日'),
(17, 6, 'パスタ エルモ', 'default_image.png', 'イタリア直送の素材を使ったパスタ料理。', '13:00', 3200, '460-0027', '名古屋市中区新栄町3-2-9', '金曜日'),
(18, 7, 'ステーキ ガーデン', 'default_image.png', '豊富なステーキメニューが自慢の店。', '18:00', 6500, '450-0003', '名古屋市中村区名駅3-8-10', '日曜日'),
(19, 8, 'そば 風雅', 'default_image.png', '風情溢れる和風そば屋。', '11:00', 1600, '464-0851', '名古屋市千種区本山1-9-12', '木曜日'),
(20, 9, 'カレー マハラジャ', 'default_image.png', '本格的なインドカレーが楽しめるお店。', '12:00', 1900, '464-0808', '名古屋市千種区今池5-6-18', '金曜日'),
(21, 10, '弁当 ジャパン', 'default_image.png', '豊富な種類のお弁当を提供。', '09:00', 1100, '465-0098', '名古屋市名東区高針1-3-2', '土曜日'),
(22, 11, 'たこ焼き 大阪', 'default_image.png', '本場大阪のたこ焼きを再現。', '10:00', 550, '465-0027', '名古屋市名東区猪高台2-5-8', '日曜日'),
(23, 1, '寿司 松', 'default_image.png', '伝統的な江戸前寿司が味わえる店。', '11:00', 5300, '460-0009', '名古屋市中区栄5-10-8', '月曜日'),
(24, 2, 'ラーメン サクラ', 'default_image.png', '春限定の桜風味ラーメンが人気。', '11:30', 1400, '460-0010', '名古屋市中区大須3-15-10', '水曜日'),
(25, 3, 'カフェ モカ', 'default_image.png', '特製モカコーヒーが楽しめる店。', '08:30', 900, '460-0012', '名古屋市中区新栄2-4-13', '木曜日'),
(26, 4, '焼肉 炎舞', 'default_image.png', 'シェフこだわりの焼肉が堪能できる。', '17:30', 7200, '460-0006', '名古屋市中区錦1-4-7', '金曜日'),
(27, 5, '天ぷら 彩', 'default_image.png', '彩り豊かな天ぷらが自慢の店。', '12:00', 4800, '460-0019', '名古屋市中区錦5-4-11', '火曜日'),
(28, 6, 'パスタ ソーレ', 'default_image.png', '太陽のような明るい雰囲気のイタリアンレストラン。', '13:00', 3000, '460-0020', '名古屋市中区金山1-5-6', '水曜日'),
(29, 7, '名古屋 バル', 'default_image.png', '名古屋名物を楽しめる洋風バル。', '18:00', 6200, '450-0004', '名古屋市中村区名駅5-7-12', '木曜日'),
(30, 8, 'そば 香', 'default_image.png', '香り高い手打ちそばを提供する店。', '11:00', 1700, '464-0852', '名古屋市千種区本山2-8-15', '火曜日');
INSERT IGNORE INTO shops (shop_id, category_id, name, image_name, description, open_time, price, postal_code, address, holiday) VALUES 
(31, 1, '寿司 若葉', 'default_image.png', '旬の食材を使った寿司を提供するお店。', '11:00', 5400, '462-0810', '名古屋市北区辻町9-1', '火曜日'),
(32, 2, 'ラーメン 龍', 'default_image.png', '深い味わいのスープが特徴のラーメン店。', '11:30', 1300, '463-0012', '名古屋市守山区守山3-12-4', '水曜日'),
(33, 3, 'カフェ ひまわり', 'default_image.png', '手作りスイーツが自慢のカフェ。', '09:00', 850, '464-0005', '名古屋市昭和区桜山町1-2-8', '木曜日'),
(34, 4, '焼肉 幸', 'default_image.png', '新鮮な和牛を使用した焼肉が楽しめる。', '17:00', 3600, '467-0027', '名古屋市瑞穂区瑞穂通3-17-5', '木曜日'),
(35, 5, '天ぷら 匠', 'default_image.png', '季節の食材を使用した天ぷらが堪能できる。', '12:00', 4100, '468-0011', '名古屋市天白区植田山1-5-6', '金曜日'),
(36, 6, 'パスタ アルデンテ', 'default_image.png', 'アルデンテのパスタが人気の店。', '12:30', 2600, '457-0012', '名古屋市南区駈上2-4-15', '土曜日'),
(37, 7, 'ステーキ ハウス', 'default_image.png', 'ボリューム満点のステーキが自慢の店。', '18:00', 6100, '456-0025', '名古屋市熱田区熱田町1-6-9', '日曜日'),
(38, 8, 'そば 月', 'default_image.png', '月替わりのメニューが楽しめるそば店。', '11:00', 1550, '465-0094', '名古屋市名東区社台3-14-12', '月曜日'),
(39, 9, 'カレー 祭り', 'default_image.png', '豊富なカレーメニューが特徴の店。', '11:30', 1850, '454-0011', '名古屋市中川区山王1-7-11', '火曜日'),
(40, 10, '弁当 ふじ', 'default_image.png', '栄養バランスの良いお弁当が自慢の店。', '09:00', 1050, '452-0813', '名古屋市西区上名古屋2-8-7', '水曜日'),
(41, 11, 'たこ焼き 忠', 'default_image.png', '関西風のたこ焼きを提供する名店。', '10:00', 520, '453-0011', '名古屋市中村区名駅3-3-12', '木曜日');
INSERT IGNORE INTO shops (shop_id, category_id, name, image_name, description, open_time, price, postal_code, address, holiday) VALUES 
(42, 1, '寿司 南', 'default_image.png', '新鮮な魚介を提供する南区の寿司店。', '11:00', 5500, '457-0805', '名古屋市南区内田橋1-2-3', '月曜日'),
(43, 2, 'ラーメン 港', 'default_image.png', '港区にある有名なラーメン店。', '11:30', 1350, '455-0006', '名古屋市港区砂美町5-6-4', '火曜日'),
(44, 3, 'カフェ グリーン', 'default_image.png', '自然に囲まれた緑区のカフェ。', '09:00', 900, '458-0847', '名古屋市緑区鶴が沢2-3-4', '水曜日'),
(45, 4, '焼肉 港', 'default_image.png', '港区の焼肉専門店。', '18:00', 3800, '455-0037', '名古屋市港区小碓町4-8-10', '木曜日'),
(46, 5, '天ぷら 緑', 'default_image.png', '緑区で人気の天ぷら店。', '12:00', 4500, '458-0016', '名古屋市緑区境松3-12-4', '金曜日'),
(47, 6, '寿司 東', 'default_image.png', '新鮮な寿司を提供する東区の人気店。', '11:30', 5300, '461-0001', '名古屋市東区泉1-2-3', '火曜日'),
(48, 7, 'ラーメン 東風', 'default_image.png', '東区にある風味豊かなラーメン店。', '11:00', 1200, '461-0012', '名古屋市東区白壁3-6-8', '水曜日'),
(49, 8, 'カフェ サクラ', 'default_image.png', '東区の自然豊かなカフェ。', '09:00', 850, '461-0025', '名古屋市東区代官町4-3-5', '木曜日'),
(50, 9, '焼肉 東苑', 'default_image.png', '和牛が楽しめる東区の焼肉店。', '17:00', 5500, '461-0004', '名古屋市東区芳野町5-1-2', '金曜日');
-- rolesテーブル
INSERT IGNORE INTO roles (id, name) VALUES (1, 'ROLE_GENERAL');
INSERT IGNORE INTO roles (id, name) VALUES (2, 'ROLE_ADMIN');

-- usersテーブル
INSERT IGNORE INTO users (user_id, name, furigana, postal_code, address, phone_number, email, password, role_id, enabled) VALUES 
(1, '山田 太郎', 'ヤマダ タロウ', '100-0001', '東京都千代田区千代田1-1', '080-1111-2222', 'taro.yamada@example.com', '$2a$10$2JNjTwZBwo7fprL2X4sv.OEKqxnVtsVQvuXDkI8xVGix.U3W5B7CO', 1, true),
(2, '鈴木 花子', 'スズキ ハナコ', '150-0002', '東京都渋谷区神南1-19-11', '080-2222-3333', 'hanako.suzuki@example.com', '$2a$10$2JNjTwZBwo7fprL2X4sv.OEKqxnVtsVQvuXDkI8xVGix.U3W5B7CO', 2, true),
(3, '佐藤 次郎', 'サトウ ジロウ', '530-0001', '大阪府大阪市北区梅田3-1-1', '080-3333-4444', 'jiro.sato@example.com', 'password', 1, false),
(4, '田中 美智子', 'タナカ ミチコ', '060-0042', '北海道札幌市中央区大通西1-12', '080-4444-5555', 'michiko.tanaka@example.com', 'password', 1, false),
(5, '高橋 一郎', 'タカハシ イチロウ', '460-0003', '愛知県名古屋市中区錦3-24-17', '080-5555-6666', 'ichiro.takahashi@example.com', 'password', 1, false),
(6, '渡辺 早苗', 'ワタナベ サナエ', '810-0001', '福岡県福岡市中央区天神2-5-35', '080-6666-7777', 'sanae.watanabe@example.com', 'password', 1, false),
(7, '伊藤 勝利', 'イトウ ショウリ', '980-0014', '宮城県仙台市青葉区一番町1-2-3', '080-7777-8888', 'shori.ito@example.com', 'password', 1, false),
(8, '中村 真理', 'ナカムラ マリ', '730-0013', '広島県広島市中区基町6-78', '080-8888-9999', 'mari.nakamura@example.com', 'password', 1, false),
(9, '小林 和夫', 'コバヤシ カズオ', '920-0000', '石川県金沢市広坂1-1-1', '080-9999-0000', 'kazuo.kobayashi@example.com', 'password', 1, false),
(10, '加藤 祐子', 'カトウ ユウコ', '600-8216', '京都府京都市下京区東塩小路町901', '080-0000-1111', 'yuko.kato@example.com', 'password', 1, false),
(11, '森田 明美', 'モリタ アケミ', '950-0088', '新潟県新潟市中央区万代1-1-1', '080-1111-2222', 'akemi.morita@example.com', 'password', 1, false),
(12, '藤井 修平', 'フジイ シュウヘイ', '700-0026', '岡山県岡山市北区磨屋町2-5', '080-2222-3333', 'shuhei.fujii@example.com', 'password', 1, false);
-- reservationsテーブル
INSERT IGNORE INTO reservations (reservation_id,shop_id, user_id, reservation_datetime, number_of_people, amount) VALUES 
(1,1, 1, '2024-09-10 19:00:00', 4, 1000),
(2,2, 2, '2024-09-11 18:30:00', 2, 2000),
(3,3, 3, '2024-09-12 12:00:00', 3, 1500),
(4,4, 4, '2024-09-13 20:00:00', 5, 2500),
(5,5, 5, '2024-09-14 13:00:00', 2, 1200),
(6,6, 1, '2024-09-15 18:00:00', 3, 1800),
(7,7, 3, '2024-09-16 17:30:00', 4, 2100),
(8,8, 2, '2024-09-17 12:30:00', 6, 3000),
(9,9, 4, '2024-09-18 20:15:00', 2, 1400),
(10,10, 5, '2024-09-19 13:45:00', 5, 2600),
(11,11, 1, '2024-09-20 19:00:00', 4, 2200),
(12,12, 3, '2024-09-21 14:00:00', 3, 1700),
(13,13, 2, '2024-09-22 13:00:00', 2, 1600),
(14,14, 4, '2024-09-23 18:30:00', 4, 2400),
(15,15, 5, '2024-09-24 15:00:00', 6, 3100),
(16,16, 1, '2024-09-25 17:00:00', 3, 1900),
(17,17, 2, '2024-09-26 11:30:00', 4, 2300),
(18,18, 3, '2024-09-27 20:00:00', 5, 2800),
(19,19, 4, '2024-09-28 18:45:00', 6, 3200),
(20,20, 5, '2024-09-29 19:15:00', 2, 1300),
(21,21, 1, '2024-09-30 18:00:00', 2, 2100),
(22,22, 1, '2024-10-01 19:00:00', 3, 2500),
(23,23, 1, '2024-10-02 12:30:00', 4, 3000),
(24,24, 1, '2024-10-03 14:00:00', 2, 1800),
(25,25, 1, '2024-10-04 20:00:00', 5, 3500),
(26,26, 1, '2024-10-05 18:30:00', 3, 2700),
(27,27, 1, '2024-10-06 17:00:00', 4, 3200),
(28,28, 1, '2024-10-07 19:30:00', 2, 2400);
